accuracy,roc_auc,cv_roc_auc
0.9133304003519578,0.9492232087621005,0.9339150946333511
